deal_num,side,lot,price
2,buy,0.03,2039.44
3,sell,0.03,2047.09
4,buy,0.03,2042.98
5,sell,0.03,2033.14
6,buy,0.03,2050.55
7,sell,0.03,2053.77
8,buy,0.03,2051.49
9,sell,0.03,2021.49
10,buy,0.03,2026.23
11,sell,0.03,2029.69
12,buy,0.03,2024.16
13,sell,0.03,2018.61
14,buy,0.03,2015.64
15,sell,0.03,2019.99
16,buy,0.03,2018.01
17,sell,0.03,2027.35
18,buy,0.03,2025.91
19,sell,0.03,2037.38
20,buy,0.03,2040.99
21,sell,0.03,2046.02
22,buy,0.03,2023.88
23,sell,0.03,2026.7
24,buy,0.03,2033.2
25,sell,0.03,2032.45
26,buy,0.03,2031.69
27,sell,0.03,2001.69
28,buy,0.03,1999.23
29,sell,0.03,2009.91
30,buy,0.03,2023.18
31,sell,0.03,2026.83
32,buy,0.03,2024.33
33,sell,0.03,2026.96
34,buy,0.03,2027.51
35,sell,0.03,2026.9
36,buy,0.03,2024.45
37,sell,0.03,2027.69
38,buy,0.03,2032.73
39,sell,0.03,2034.58
40,buy,0.03,2031.68
41,sell,0.03,2043.9
42,buy,0.03,2039.9
43,sell,0.03,2099.9
44,buy,0.03,2124.84
45,sell,0.03,2184.84
46,buy,0.03,2177.27
47,sell,0.03,2163.41
48,buy,0.03,2168.95
49,sell,0.03,2164.52
50,buy,0.03,2155.11
51,sell,0.03,2161.07
52,buy,0.03,2166.0
53,sell,0.03,2171.47
54,buy,0.03,2171.43
55,sell,0.03,2173.04
56,buy,0.03,2176.91
57,sell,0.03,2180.05
58,buy,0.03,2237.02
59,sell,0.03,2250.65
60,buy,0.03,2269.58
61,sell,0.03,2283.8
62,buy,0.03,2291.69
63,sell,0.03,2299.47
64,buy,0.03,2285.02
65,sell,0.03,2288.11
66,buy,0.03,2320.29
67,sell,0.03,2337.91
68,buy,0.03,2340.46
69,sell,0.03,2353.14
70,buy,0.03,2347.77
71,sell,0.03,2343.28
72,buy,0.03,2369.37
73,sell,0.03,2339.37
74,buy,0.03,2365.68
75,sell,0.03,2385.2
76,buy,0.03,2381.68
77,sell,0.03,2377.12
78,buy,0.03,2379.75
79,sell,0.03,2389.47
80,buy,0.03,2381.45
81,sell,0.03,2390.82
82,buy,0.03,2387.17
83,sell,0.03,2357.17
84,buy,0.03,2316.98
85,sell,0.03,2325.03
86,buy,0.03,2330.4
87,sell,0.03,2300.4
88,buy,0.03,2294.05
89,sell,0.03,2318.41
90,buy,0.03,2312.2
91,sell,0.03,2316.53
92,buy,0.03,2312.76
93,sell,0.03,2314.19
94,buy,0.03,2310.52
95,sell,0.03,2370.52
96,buy,0.03,2361.39
97,sell,0.03,2343.42
98,buy,0.03,2383.36
99,sell,0.03,2383.55
100,buy,0.03,2410.09
101,sell,0.03,2435.37
102,buy,0.03,2424.9
103,sell,0.03,2425.5
104,buy,0.03,2335.03
105,sell,0.03,2337.83
106,buy,0.03,2354.13
107,sell,0.03,2324.13
108,buy,0.03,2340.45
109,sell,0.03,2330.81
110,buy,0.03,2339.78
111,sell,0.03,2365.09
112,buy,0.03,2299.77
113,sell,0.03,2307.97
114,buy,0.03,2312.96
115,sell,0.03,2310.11
116,buy,0.03,2325.6
117,sell,0.03,2321.09
118,buy,0.03,2318.55
119,sell,0.03,2326.74
120,buy,0.03,2349.56
121,sell,0.03,2319.56
122,buy,0.03,2327.15
123,sell,0.03,2332.76
124,buy,0.03,2324.26
125,sell,0.03,2294.26
126,buy,0.03,2326.75
127,sell,0.03,2329.47
128,buy,0.03,2371.31
129,sell,0.03,2411.84
130,buy,0.03,2407.17
131,sell,0.03,2410.72
132,buy,0.03,2459.93
133,sell,0.03,2467.63
134,buy,0.03,2393.88
135,sell,0.03,2403.59
136,buy,0.03,2408.46
137,sell,0.03,2378.46
138,buy,0.03,2388.01
139,sell,0.03,2386.75
140,buy,0.03,2438.96
141,sell,0.03,2451.02
142,buy,0.03,2408.65
143,sell,0.03,2411.14
144,buy,0.03,2389.92
145,sell,0.03,2395.97
146,buy,0.03,2426.17
147,sell,0.03,2430.33
148,buy,0.03,2461.5
149,sell,0.03,2465.76
150,buy,0.03,2464.73
151,sell,0.03,2468.35
152,buy,0.03,2450.96
153,sell,0.03,2454.41
154,buy,0.03,2437.88
155,sell,0.03,2458.45
156,buy,0.03,2452.58
157,sell,0.03,2503.43
158,buy,0.03,2509.18
159,sell,0.03,2516.44
160,buy,0.03,2507.18
161,sell,0.03,2477.18
162,buy,0.03,2514.54
163,sell,0.03,2520.15
164,buy,0.03,2516.29
165,sell,0.03,2520.04
166,buy,0.03,2514.95
167,sell,0.03,2516.34
168,buy,0.03,2515.24
169,sell,0.03,2502.05
170,buy,0.03,2499.09
171,sell,0.03,2500.88
172,buy,0.03,2492.38
173,sell,0.03,2492.91
174,buy,0.03,2487.6
175,sell,0.03,2502.24
176,buy,0.03,2504.52
177,sell,0.03,2516.6
178,buy,0.03,2581.52
179,sell,0.03,2585.05
180,buy,0.03,2579.76
181,sell,0.03,2583.76
182,buy,0.03,2580.24
183,sell,0.03,2573.78
184,buy,0.03,2568.75
185,sell,0.03,2576.24
186,buy,0.03,2569.4
187,sell,0.03,2574.87
188,buy,0.03,2616.97
189,sell,0.03,2622.7
190,buy,0.03,2626.08
191,sell,0.03,2659.1
192,buy,0.03,2652.79
193,sell,0.03,2659.08
194,buy,0.03,2655.38
195,sell,0.03,2660.08
196,buy,0.03,2652.73
197,sell,0.03,2652.26
198,buy,0.03,2645.38
199,sell,0.03,2648.46
200,buy,0.03,2634.2
201,sell,0.03,2615.01
202,buy,0.03,2646.8
203,sell,0.03,2655.17
204,buy,0.03,2650.0
205,sell,0.03,2654.53
206,buy,0.03,2721.43
207,sell,0.03,2728.16
208,buy,0.03,2739.17
209,sell,0.03,2709.17
210,buy,0.03,2728.16
211,sell,0.03,2739.04
212,buy,0.03,2774.87
213,sell,0.03,2744.87
214,buy,0.03,2749.61
215,sell,0.03,2740.81
216,buy,0.03,2687.15
217,sell,0.03,2694.86
218,buy,0.03,2685.58
219,sell,0.03,2655.58
220,buy,0.03,2596.31
221,sell,0.03,2566.31
222,buy,0.03,2559.95
223,sell,0.03,2569.07
224,buy,0.03,2563.16
225,sell,0.03,2574.05
226,buy,0.03,2626.36
227,sell,0.03,2635.7
228,buy,0.03,2622.79
229,sell,0.03,2646.47
230,buy,0.03,2648.66
231,sell,0.03,2643.2
232,buy,0.03,2636.07
233,sell,0.03,2641.64
234,buy,0.03,2641.0
235,sell,0.03,2645.72
236,buy,0.03,2638.87
237,sell,0.03,2646.25
238,buy,0.03,2646.61
239,sell,0.03,2649.01
240,buy,0.03,2647.65
241,sell,0.03,2617.65
242,buy,0.03,2635.0
243,sell,0.03,2642.74
244,buy,0.03,2710.85
245,sell,0.03,2680.85
246,buy,0.03,2644.03
247,sell,0.03,2647.92
248,buy,0.03,2644.08
249,sell,0.03,2614.08
250,buy,0.03,2608.6
251,sell,0.03,2603.9
252,buy,0.03,2616.44
253,sell,0.03,2616.83
254,buy,0.03,2613.53
255,sell,0.03,2616.33
256,buy,0.03,2617.92
257,sell,0.03,2625.85
258,buy,0.03,2652.95
259,sell,0.03,2657.71
260,buy,0.03,2624.77
261,sell,0.03,2651.04
262,buy,0.03,2685.57
263,sell,0.03,2670.26
264,buy,0.03,2665.66
265,sell,0.03,2672.78
266,buy,0.03,2712.12
267,sell,0.03,2714.28
268,buy,0.03,2705.65
269,sell,0.03,2707.95
270,buy,0.03,2765.85
271,sell,0.03,2768.55
272,buy,0.03,2758.07
273,sell,0.03,2744.47
274,buy,0.03,2759.06
275,sell,0.03,2759.47
276,buy,0.03,2807.52
277,sell,0.03,2816.97
278,buy,0.03,2859.36
279,sell,0.03,2919.36
280,buy,0.03,2910.0
281,sell,0.03,2880.0
282,buy,0.03,2918.01
283,sell,0.03,2888.01
284,buy,0.03,2896.98
285,sell,0.03,2902.95
286,buy,0.03,2925.77
287,sell,0.03,2945.48
288,buy,0.03,2924.19
289,sell,0.03,2940.85
290,buy,0.03,2936.21
291,sell,0.03,2906.21
292,buy,0.03,2906.86
293,sell,0.03,2876.86
294,buy,0.03,2909.06
295,sell,0.03,2897.55
296,buy,0.03,2911.65
297,sell,0.03,2916.17
298,buy,0.03,2981.24
299,sell,0.03,2989.67
300,buy,0.03,3026.0
301,sell,0.03,3037.44
302,buy,0.03,3028.38
303,sell,0.03,3038.65
304,buy,0.03,3040.2
305,sell,0.03,3043.19
306,buy,0.03,3035.97
307,sell,0.03,3005.97
308,buy,0.03,3016.73
309,sell,0.03,3015.23
310,buy,0.03,3020.31
311,sell,0.03,3025.14
312,buy,0.03,3119.87
313,sell,0.03,3089.87
314,buy,0.03,3109.37
315,sell,0.03,3079.37
316,buy,0.03,3093.05
317,sell,0.03,3063.05
318,buy,0.03,3220.98
319,sell,0.03,3223.65
320,buy,0.03,3313.89
321,sell,0.03,3335.14
322,buy,0.03,3323.93
323,sell,0.03,3293.93
324,buy,0.03,3281.04
325,sell,0.03,3298.26
326,buy,0.03,3314.5
327,sell,0.03,3328.74
328,buy,0.03,3231.7
329,sell,0.03,3291.7
330,buy,0.03,3379.82
331,sell,0.03,3390.89
332,buy,0.03,3383.18
333,sell,0.03,3395.23
334,buy,0.03,3238.28
335,sell,0.03,3253.23
336,buy,0.03,3243.38
337,sell,0.03,3213.38
338,buy,0.03,3214.54
339,sell,0.03,3184.54
340,buy,0.03,3226.89
341,sell,0.03,3235.82
342,buy,0.03,3311.44
343,sell,0.03,3281.44
344,buy,0.03,3333.96
345,sell,0.03,3352.83
346,buy,0.03,3336.59
347,sell,0.03,3306.59
348,buy,0.03,3301.85
349,sell,0.03,3308.28
350,buy,0.03,3300.43
351,sell,0.03,3307.33
352,buy,0.03,3363.61
353,sell,0.03,3333.61
354,buy,0.03,3353.25
355,sell,0.03,3361.43
356,buy,0.03,3351.01
357,sell,0.03,3366.81
358,buy,0.03,3368.56
359,sell,0.03,3375.26
360,buy,0.03,3313.0
361,sell,0.03,3320.67
362,buy,0.03,3322.63
363,sell,0.03,3382.63
364,buy,0.03,3427.38
365,sell,0.03,3397.38
366,buy,0.03,3385.62
367,sell,0.03,3394.93
368,buy,0.03,3380.36
369,sell,0.03,3391.07
370,buy,0.03,3355.33
371,sell,0.03,3365.53
372,buy,0.03,3357.73
373,sell,0.03,3327.73
374,buy,0.03,3322.16
375,sell,0.03,3292.16
376,buy,0.03,3335.75
377,sell,0.03,3340.12
378,buy,0.03,3333.09
379,sell,0.03,3303.09
380,buy,0.03,3323.79
381,sell,0.03,3293.79
382,buy,0.03,3313.38
383,sell,0.03,3323.45
384,buy,0.03,3350.2
385,sell,0.03,3357.39
386,buy,0.03,3348.99
387,sell,0.03,3338.08
388,buy,0.03,3334.93
389,sell,0.03,3338.88
390,buy,0.03,3334.72
391,sell,0.03,3353.61
392,buy,0.03,3386.56
393,sell,0.03,3394.35
394,buy,0.03,3416.1
395,sell,0.03,3386.1
396,buy,0.03,3369.46
397,sell,0.03,3374.03
398,buy,0.03,3374.71
399,sell,0.03,3379.29
400,buy,0.03,3368.9
401,sell,0.03,3395.13
402,buy,0.03,3353.2
403,sell,0.03,3345.71
404,buy,0.03,3338.27
405,sell,0.03,3342.63
406,buy,0.03,3329.8
407,sell,0.03,3324.33
408,buy,0.03,3338.94
409,sell,0.03,3345.25
410,buy,0.03,3337.21
411,sell,0.03,3341.55
412,buy,0.03,3364.88
413,sell,0.03,3382.12
414,buy,0.03,3379.72
415,sell,0.03,3412.88
416,buy,0.03,3477.83
417,sell,0.03,3489.78
418,buy,0.03,3546.34
419,sell,0.03,3516.34
420,buy,0.03,3546.12
421,sell,0.03,3606.12
422,buy,0.03,3645.19
423,sell,0.03,3643.05
424,buy,0.03,3642.67
425,sell,0.03,3648.5
426,buy,0.03,3640.64
427,sell,0.03,3700.64
428,buy,0.03,3677.81
429,sell,0.03,3685.45
430,buy,0.03,3765.3
431,sell,0.03,3774.62
432,buy,0.03,3816.39
433,sell,0.03,3854.11
434,buy,0.03,3838.06
435,sell,0.03,3898.06
436,buy,0.03,3949.94
437,sell,0.03,3965.93
438,buy,0.03,4021.49
439,sell,0.03,4039.01
440,buy,0.03,4027.41
441,sell,0.03,3997.41
442,buy,0.03,4109.79
443,sell,0.03,4169.79
444,buy,0.03,4323.38
445,sell,0.03,4293.38
446,buy,0.03,4116.23
447,sell,0.03,4086.23
448,buy,0.03,4080.65
449,sell,0.03,4050.65
450,buy,0.03,3943.61
451,sell,0.03,4003.61
452,buy,0.03,3983.37
453,sell,0.03,3953.37
454,buy,0.03,3991.65
455,sell,0.03,4013.19
456,buy,0.03,4005.62
457,sell,0.03,3975.62
458,buy,0.03,4000.74
459,sell,0.03,3970.74
460,buy,0.03,3971.17
461,sell,0.03,4002.03
462,buy,0.03,3990.63
463,sell,0.03,4050.63
464,buy,0.03,4101.63
465,sell,0.03,4138.38
466,buy,0.03,4120.43
467,sell,0.03,4126.2
468,buy,0.03,4120.81
469,sell,0.03,4180.81
470,buy,0.03,4197.67
471,sell,0.03,4167.67
472,buy,0.03,4189.85
473,sell,0.03,4159.85
474,buy,0.03,4065.67
475,sell,0.03,4105.59
476,buy,0.03,4061.96
477,sell,0.03,4031.96
478,buy,0.03,4055.46
479,sell,0.03,4072.06
480,buy,0.03,4123.07
481,sell,0.03,4158.97
482,buy,0.03,4155.98
483,sell,0.03,4161.11
484,buy,0.03,4155.47
485,sell,0.03,4176.6
486,buy,0.04,4226.31
487,sell,0.04,4196.31
488,buy,0.03,4206.99
489,sell,0.03,4176.99
490,buy,0.03,4198.6
491,sell,0.03,4258.6
492,buy,0.04,4217.98
493,sell,0.04,4217.12
494,buy,0.04,4210.07
495,sell,0.04,4180.07
496,buy,0.03,4212.03
497,sell,0.03,4272.03
498,buy,0.04,4273.83
499,sell,0.04,4307.57
500,buy,0.04,4314.43
501,sell,0.04,4284.43
502,buy,0.04,4328.52
503,sell,0.04,4337.46
504,buy,0.04,4446.41
505,sell,0.04,4506.41
506,buy,0.04,4485.4
507,sell,0.04,4455.4
508,buy,0.04,4487.4
509,sell,0.04,4457.4
510,buy,0.04,4358.6
511,sell,0.04,4328.6
512,buy,0.04,4340.84
513,sell,0.04,4310.84
514,buy,0.03,4470.55
515,sell,0.03,4440.55
516,buy,0.03,4450.41
517,sell,0.03,4420.41
518,buy,0.03,4587.41
519,sell,0.03,4600.83
520,buy,0.03,4592.99
521,sell,0.03,4609.7
522,buy,0.03,4613.38
523,sell,0.03,4636.97
524,buy,0.03,4609.26
525,sell,0.03,4619.91
526,buy,0.03,4590.19
527,sell,0.03,4560.19
528,buy,0.03,4821.39
529,sell,0.03,4791.39
530,buy,0.03,4923.6
531,sell,0.03,4983.6
532,buy,0.03,5027.75
533,sell,0.03,5076.59
534,buy,0.04,5059.92
535,sell,0.04,5090.92
536,buy,0.04,5384.63
537,sell,0.04,5354.63
538,buy,0.04,4686.21
539,sell,0.04,4726.0
540,buy,0.04,4700.18
541,sell,0.04,4670.18
542,buy,0.04,4985.79
543,sell,0.04,4955.79
544,buy,0.03,5014.32
545,sell,0.03,5040.06
546,buy,0.04,5059.41
547,sell,0.04,5072.83
548,buy,0.04,4998.32
549,sell,0.04,4968.32
550,buy,0.03,4972.97
551,sell,0.03,4999.33
552,buy,0.04,5172.1
553,sell,0.04,5142.1
554,buy,0.03,5168.97
555,sell,0.03,5196.75
556,buy,0.04,5177.18
557,sell,0.04,5147.18
558,buy,0.03,5177.82
559,sell,0.03,5237.82
560,buy,0.04,5289.9
561,sell,0.04,5259.9
562,buy,0.03,5141.3
563,sell,0.03,5167.49
564,buy,0.04,5134.54
565,sell,0.04,5172.99
566,buy,0.04,5150.99
567,sell,0.04,5179.48
568,buy,0.04,5095.99
569,sell,0.04,5065.99
570,buy,0.04,5072.77
571,sell,0.04,5042.77
572,buy,0.04,5001.28
573,sell,0.04,5016.82
574,buy,0.04,5003.73
575,sell,0.04,5010.46
576,buy,0.04,5004.33
577,sell,0.04,5027.09
578,buy,0.04,4659.98
579,sell,0.04,4629.98
580,buy,0.04,4356.76
581,sell,0.04,4416.76
582,buy,0.04,4414.96
583,sell,0.04,4474.96
584,buy,0.04,4449.62
585,sell,0.04,4509.62
586,buy,0.04,4690.23
587,sell,0.04,4660.23
588,buy,0.04,4646.5
589,sell,0.04,4616.5
590,buy,0.04,4752.71
591,sell,0.04,4765.52
592,buy,0.04,4753.87
593,sell,0.04,4723.87
594,buy,0.04,4812.98
595,sell,0.04,4782.98
596,buy,0.04,4780.68
597,sell,0.04,4750.68
598,buy,0.04,4801.01
599,sell,0.04,4771.01
600,buy,0.04,4744.52
601,sell,0.04,4755.49
602,buy,0.04,4684.89
603,sell,0.04,4717.75
604,buy,0.04,4702.05
605,sell,0.04,4672.05
606,buy,0.04,4542.08
607,sell,0.04,4602.08
608,buy,0.04,4551.06
609,sell,0.04,4573.4
610,buy,0.04,4699.43
611,sell,0.04,4724.99
612,buy,0.04,4712.25
613,sell,0.04,4721.11
614,buy,0.04,4712.67
615,sell,0.04,4682.67
616,buy,0.04,4698.68
617,sell,0.04,4705.34
618,buy,0.04,4697.25
619,sell,0.04,4701.17
620,buy,0.04,4689.08
621,sell,0.04,4700.0
622,buy,0.04,4677.06
623,sell,0.04,4647.06
624,buy,0.04,4539.64
625,sell,0.04,4554.49
626,buy,0.04,4521.69
627,sell,0.04,4491.69
628,buy,0.04,4522.74
629,sell,0.04,4492.74
630,buy,0.04,4549.43
631,sell,0.04,4519.43
632,buy,0.04,4529.0
633,sell,0.04,4499.0
634,buy,0.04,4504.37
635,sell,0.04,4474.37
636,buy,0.04,4319.74
637,sell,0.04,4335.71
638,buy,0.04,4327.28
639,sell,0.04,4297.28
640,buy,0.03,4320.85
641,sell,0.03,4327.41
642,buy,0.03,4326.8
643,sell,0.03,4296.8
644,buy,0.03,4177.71
645,sell,0.03,4147.71
646,buy,0.03,4052.52
647,sell,0.03,4022.52
648,buy,0.03,4011.42
649,sell,0.03,3981.42
650,buy,0.03,4141.74
651,sell,0.03,4111.74
652,buy,0.03,4118.16
653,sell,0.03,4088.16
654,buy,0.03,4066.85
655,sell,0.03,4092.15
656,buy,0.03,4114.4
657,sell,0.03,4084.4
658,buy,0.03,4037.31
659,sell,0.03,4063.0
660,buy,0.03,4039.27
661,sell,0.03,4009.27
662,buy,0.03,3992.61
663,sell,0.03,4003.8
664,buy,0.03,4122.23
665,sell,0.03,4137.64
666,buy,0.03,4076.28
667,sell,0.03,4046.28
668,buy,0.03,4027.22
669,sell,0.03,3997.22
670,buy,0.03,4047.11
671,sell,0.03,4067.61
672,buy,0.03,4082.3
673,sell,0.03,4052.3
674,buy,0.03,4052.74
675,sell,0.03,4022.74
676,buy,0.03,4049.25
677,sell,0.03,4109.25
678,buy,0.03,4238.52
679,sell,0.03,4260.96
680,buy,0.03,4319.89
681,sell,0.03,4334.55
682,buy,0.03,4327.82
683,sell,0.03,4349.59
684,buy,0.03,4366.39
685,sell,0.03,4391.2
686,buy,0.03,4381.33
687,sell,0.03,4390.45
688,buy,0.03,4403.37
689,sell,0.03,4419.14
690,buy,0.03,4406.14
691,sell,0.03,4376.14
692,buy,0.03,4386.77
693,sell,0.03,4356.77
